equipment_id,truck_id,truck_type,time_stamp,action,store_size,real_time_stamp,run_time
truck,339142756861,LL,0.0,wait,1,2017-07-25 21:00:00.000,2017-08-29 10:01:50.972091
r5_1,339142756861,LL,0.0,start,1,2017-07-25 21:00:00.000,2017-08-29 10:01:50.972091
r5_1,339142756861,LL,3.13,end,1,2017-07-25 21:00:03.130,2017-08-29 10:01:50.972091
truck,338509132680,LA,0.0,wait,4,2017-07-25 21:00:00.000,2017-08-29 10:01:50.972091
r4_1,338509132680,LA,0.0,start,4,2017-07-25 21:00:00.000,2017-08-29 10:01:50.972091
r4_1,338509132680,LA,6.26,end,4,2017-07-25 21:00:06.260,2017-08-29 10:01:50.972091
truck,338931556972,LL,0.0,wait,10,2017-07-25 21:00:00.000,2017-08-29 10:01:50.972091
r1_2,338931556972,LL,0.0,start,10,2017-07-25 21:00:00.000,2017-08-29 10:01:50.972091
r1_2,338931556972,LL,18.400000000000002,end,10,2017-07-25 21:00:18.400,2017-08-29 10:01:50.972091
truck,338004096665,LA,0.0,wait,15,2017-07-25 21:00:00.000,2017-08-29 10:01:50.972091
r3_1,338004096665,LA,0.0,start,15,2017-07-25 21:00:00.000,2017-08-29 10:01:50.972091
r3_1,338004096665,LA,25.039999999999996,end,15,2017-07-25 21:00:25.040,2017-08-29 10:01:50.972091
truck,339396298803,LL,0.0,wait,3,2017-07-25 21:00:00.000,2017-08-29 10:01:50.972091
r5_1,339396298803,LL,93.13,start,3,2017-07-25 21:01:33.130,2017-08-29 10:01:50.972091
r5_1,339396298803,LL,99.38999999999999,end,3,2017-07-25 21:01:39.390,2017-08-29 10:01:50.972091
truck,339908879139,LL,0.0,wait,4,2017-07-25 21:00:00.000,2017-08-29 10:01:50.972091
r4_1,339908879139,LL,96.26,start,4,2017-07-25 21:01:36.260,2017-08-29 10:01:50.972091
r4_1,339908879139,LL,102.52,end,4,2017-07-25 21:01:42.520,2017-08-29 10:01:50.972091
truck,339908879272,LA,0.0,wait,5,2017-07-25 21:00:00.000,2017-08-29 10:01:50.972091
r3_1,339908879272,LA,115.03999999999999,start,5,2017-07-25 21:01:55.040,2017-08-29 10:01:50.972091
r3_1,339908879272,LA,124.42999999999998,end,5,2017-07-25 21:02:04.430,2017-08-29 10:01:50.972091
truck,338778359464,LL,268.0,wait,1,2017-07-25 21:04:28.000,2017-08-29 10:01:50.972091
r1_2,338778359464,LL,268.0,start,1,2017-07-25 21:04:28.000,2017-08-29 10:01:50.972091
r1_2,338778359464,LL,271.68,end,1,2017-07-25 21:04:31.680,2017-08-29 10:01:50.972091
truck,338691762633,LL,830.0,wait,2,2017-07-25 21:13:50.000,2017-08-29 10:01:50.972091
r5_1,338691762633,LL,830.0,start,2,2017-07-25 21:13:50.000,2017-08-29 10:01:50.972091
r5_1,338691762633,LL,833.13,end,2,2017-07-25 21:13:53.130,2017-08-29 10:01:50.972091
truck,338021771570,LA,1656.0,wait,1,2017-07-25 21:27:36.000,2017-08-29 10:01:50.972091
r4_1,338021771570,LA,1656.0,start,1,2017-07-25 21:27:36.000,2017-08-29 10:01:50.972091
r4_1,338021771570,LA,1659.13,end,1,2017-07-25 21:27:39.130,2017-08-29 10:01:50.972091
truck,338196622937,LA,1695.0,wait,1,2017-07-25 21:28:15.000,2017-08-29 10:01:50.972091
r3_1,338196622937,LA,1695.0,start,1,2017-07-25 21:28:15.000,2017-08-29 10:01:50.972091
r3_1,338196622937,LA,1698.13,end,1,2017-07-25 21:28:18.130,2017-08-29 10:01:50.972091
truck,339396298876,LL,2435.0,wait,12,2017-07-25 21:40:35.000,2017-08-29 10:01:50.972091
r1_2,339396298876,LL,2435.0,start,12,2017-07-25 21:40:35.000,2017-08-29 10:01:50.972091
r1_2,339396298876,LL,2457.079999999999,end,12,2017-07-25 21:40:57.080,2017-08-29 10:01:50.972091
truck,339396329945,LA,2481.0,wait,39,2017-07-25 21:41:21.000,2017-08-29 10:01:50.972091
r5_1,339396329945,LA,2481.0,start,39,2017-07-25 21:41:21.000,2017-08-29 10:01:50.972091
r5_1,339396329945,LA,2543.600000000002,end,39,2017-07-25 21:42:23.600,2017-08-29 10:01:50.972091
truck,338066649581,LA,2633.0,wait,5,2017-07-25 21:43:53.000,2017-08-29 10:01:50.972091
r4_1,338066649581,LA,2633.0,start,5,2017-07-25 21:43:53.000,2017-08-29 10:01:50.972091
r4_1,338066649581,LA,2642.3900000000003,end,5,2017-07-25 21:44:02.390,2017-08-29 10:01:50.972091
truck,339511040048,LA,2919.0,wait,2,2017-07-25 21:48:39.000,2017-08-29 10:01:50.972091
r3_1,339511040048,LA,2919.0,start,2,2017-07-25 21:48:39.000,2017-08-29 10:01:50.972091
r3_1,339511040048,LA,2922.13,end,2,2017-07-25 21:48:42.130,2017-08-29 10:01:50.972091
truck,338509132740,LA,4113.0,wait,3,2017-07-25 22:08:33.000,2017-08-29 10:01:50.972091
r5_1,338509132740,LA,4113.0,start,3,2017-07-25 22:08:33.000,2017-08-29 10:01:50.972091
r5_1,338509132740,LA,4119.26,end,3,2017-07-25 22:08:39.260,2017-08-29 10:01:50.972091
truck,338214510355,LA,4135.0,wait,1,2017-07-25 22:08:55.000,2017-08-29 10:01:50.972091
r4_1,338214510355,LA,4135.0,start,1,2017-07-25 22:08:55.000,2017-08-29 10:01:50.972091
r4_1,338214510355,LA,4138.13,end,1,2017-07-25 22:08:58.130,2017-08-29 10:01:50.972091
truck,338196622919,LA,4185.0,wait,2,2017-07-25 22:09:45.000,2017-08-29 10:01:50.972091
r3_1,338196622919,LA,4185.0,start,2,2017-07-25 22:09:45.000,2017-08-29 10:01:50.972091
r3_1,338196622919,LA,4188.13,end,2,2017-07-25 22:09:48.130,2017-08-29 10:01:50.972091
truck,336746056087,LA,4456.0,wait,2,2017-07-25 22:14:16.000,2017-08-29 10:01:50.972091
r5_1,336746056087,LA,4456.0,start,2,2017-07-25 22:14:16.000,2017-08-29 10:01:50.972091
r5_1,336746056087,LA,4459.13,end,2,2017-07-25 22:14:19.130,2017-08-29 10:01:50.972091
truck,338153408068,LA,5304.0,wait,2,2017-07-25 22:28:24.000,2017-08-29 10:01:50.972091
r4_1,338153408068,LA,5304.0,start,2,2017-07-25 22:28:24.000,2017-08-29 10:01:50.972091
r4_1,338153408068,LA,5307.13,end,2,2017-07-25 22:28:27.130,2017-08-29 10:01:50.972091
truck,338832211153,LA,5420.0,wait,3,2017-07-25 22:30:20.000,2017-08-29 10:01:50.972091
r3_1,338832211153,LA,5420.0,start,3,2017-07-25 22:30:20.000,2017-08-29 10:01:50.972091
r3_1,338832211153,LA,5426.26,end,3,2017-07-25 22:30:26.260,2017-08-29 10:01:50.972091
truck,334999269358,LA,5788.0,wait,2,2017-07-25 22:36:28.000,2017-08-29 10:01:50.972091
r5_1,334999269358,LA,5788.0,start,2,2017-07-25 22:36:28.000,2017-08-29 10:01:50.972091
r5_1,334999269358,LA,5791.13,end,2,2017-07-25 22:36:31.130,2017-08-29 10:01:50.972091
truck,336706302368,LA,5847.0,wait,2,2017-07-25 22:37:27.000,2017-08-29 10:01:50.972091
r4_1,336706302368,LA,5847.0,start,2,2017-07-25 22:37:27.000,2017-08-29 10:01:50.972091
r4_1,336706302368,LA,5850.13,end,2,2017-07-25 22:37:30.130,2017-08-29 10:01:50.972091
truck,339216722689,LL,5997.0,wait,1,2017-07-25 22:39:57.000,2017-08-29 10:01:50.972091
r1_2,339216722689,LL,5997.0,start,1,2017-07-25 22:39:57.000,2017-08-29 10:01:50.972091
r1_2,339216722689,LL,6000.68,end,1,2017-07-25 22:40:00.680,2017-08-29 10:01:50.972091
truck,336657147946,LA,6026.0,wait,1,2017-07-25 22:40:26.000,2017-08-29 10:01:50.972091
r3_1,336657147946,LA,6026.0,start,1,2017-07-25 22:40:26.000,2017-08-29 10:01:50.972091
r3_1,336657147946,LA,6029.13,end,1,2017-07-25 22:40:29.130,2017-08-29 10:01:50.972091
truck,338710592020,LL,6067.0,wait,1,2017-07-25 22:41:07.000,2017-08-29 10:01:50.972091
r5_1,338710592020,LL,6067.0,start,1,2017-07-25 22:41:07.000,2017-08-29 10:01:50.972091
r5_1,338710592020,LL,6070.13,end,1,2017-07-25 22:41:10.130,2017-08-29 10:01:50.972091
truck,338951342355,LA,6240.0,wait,12,2017-07-25 22:44:00.000,2017-08-29 10:01:50.972091
r4_1,338951342355,LA,6240.0,start,12,2017-07-25 22:44:00.000,2017-08-29 10:01:50.972091
r4_1,338951342355,LA,6258.780000000001,end,12,2017-07-25 22:44:18.780,2017-08-29 10:01:50.972091
truck,336994000519,LL,6436.0,wait,1,2017-07-25 22:47:16.000,2017-08-29 10:01:50.972091
r1_2,336994000519,LL,6436.0,start,1,2017-07-25 22:47:16.000,2017-08-29 10:01:50.972091
r1_2,336994000519,LL,6439.68,end,1,2017-07-25 22:47:19.680,2017-08-29 10:01:50.972091
truck,334460724791,LA,6486.0,wait,1,2017-07-25 22:48:06.000,2017-08-29 10:01:50.972091
r3_1,334460724791,LA,6486.0,start,1,2017-07-25 22:48:06.000,2017-08-29 10:01:50.972091
r3_1,334460724791,LA,6489.13,end,1,2017-07-25 22:48:09.130,2017-08-29 10:01:50.972091
truck,336992455361,LL,6584.0,wait,1,2017-07-25 22:49:44.000,2017-08-29 10:01:50.972091
r5_1,336992455361,LL,6584.0,start,1,2017-07-25 22:49:44.000,2017-08-29 10:01:50.972091
r5_1,336992455361,LL,6587.13,end,1,2017-07-25 22:49:47.130,2017-08-29 10:01:50.972091
truck,338731810078,LA,6614.0,wait,1,2017-07-25 22:50:14.000,2017-08-29 10:01:50.972091
r4_1,338731810078,LA,6614.0,start,1,2017-07-25 22:50:14.000,2017-08-29 10:01:50.972091
r4_1,338731810078,LA,6617.13,end,1,2017-07-25 22:50:17.130,2017-08-29 10:01:50.972091
truck,339706808770,LA,6886.0,wait,6,2017-07-25 22:54:46.000,2017-08-29 10:01:50.972091
r3_1,339706808770,LA,6886.0,start,6,2017-07-25 22:54:46.000,2017-08-29 10:01:50.972091
r3_1,339706808770,LA,6895.39,end,6,2017-07-25 22:54:55.390,2017-08-29 10:01:50.972091
truck,339101796984,LA,7006.0,wait,1,2017-07-25 22:56:46.000,2017-08-29 10:01:50.972091
r5_1,339101796984,LA,7006.0,start,1,2017-07-25 22:56:46.000,2017-08-29 10:01:50.972091
r5_1,339101796984,LA,7009.13,end,1,2017-07-25 22:56:49.130,2017-08-29 10:01:50.972091
truck,336992703651,LA,7164.0,wait,2,2017-07-25 22:59:24.000,2017-08-29 10:01:50.972091
r4_1,336992703651,LA,7164.0,start,2,2017-07-25 22:59:24.000,2017-08-29 10:01:50.972091
r4_1,336992703651,LA,7167.13,end,2,2017-07-25 22:59:27.130,2017-08-29 10:01:50.972091
truck,338087740377,LL,7347.000000000001,wait,2,2017-07-25 23:02:27.000,2017-08-29 10:01:50.972091
r1_2,338087740377,LL,7347.000000000001,start,2,2017-07-25 23:02:27.000,2017-08-29 10:01:50.972091
r1_2,338087740377,LL,7350.680000000001,end,2,2017-07-25 23:02:30.680,2017-08-29 10:01:50.972091
truck,338863772614,LA,7592.000000000001,wait,1,2017-07-25 23:06:32.000,2017-08-29 10:01:50.972091
r3_1,338863772614,LA,7592.000000000001,start,1,2017-07-25 23:06:32.000,2017-08-29 10:01:50.972091
r3_1,338863772614,LA,7595.130000000001,end,1,2017-07-25 23:06:35.130,2017-08-29 10:01:50.972091
truck,334587700126,LA,7781.000000000001,wait,12,2017-07-25 23:09:41.000,2017-08-29 10:01:50.972091
r5_1,334587700126,LA,7781.000000000001,start,12,2017-07-25 23:09:41.000,2017-08-29 10:01:50.972091
r5_1,334587700126,LA,7799.780000000002,end,12,2017-07-25 23:09:59.780,2017-08-29 10:01:50.972091
truck,338704689062,LA,7857.000000000001,wait,1,2017-07-25 23:10:57.000,2017-08-29 10:01:50.972091
r4_1,338704689062,LA,7857.000000000001,start,1,2017-07-25 23:10:57.000,2017-08-29 10:01:50.972091
r4_1,338704689062,LA,7860.130000000001,end,1,2017-07-25 23:11:00.130,2017-08-29 10:01:50.972091
truck,338725854071,LA,7882.000000000001,wait,1,2017-07-25 23:11:22.000,2017-08-29 10:01:50.972091
r3_1,338725854071,LA,7882.000000000001,start,1,2017-07-25 23:11:22.000,2017-08-29 10:01:50.972091
r3_1,338725854071,LA,7885.130000000001,end,1,2017-07-25 23:11:25.130,2017-08-29 10:01:50.972091
truck,338749675708,LA,7912.000000000001,wait,1,2017-07-25 23:11:52.000,2017-08-29 10:01:50.972091
r5_1,338749675708,LA,7912.000000000001,start,1,2017-07-25 23:11:52.000,2017-08-29 10:01:50.972091
r5_1,338749675708,LA,7915.130000000001,end,1,2017-07-25 23:11:55.130,2017-08-29 10:01:50.972091
truck,338508296153,LA,8017.000000000001,wait,1,2017-07-25 23:13:37.000,2017-08-29 10:01:50.972091
r4_1,338508296153,LA,8017.000000000001,start,1,2017-07-25 23:13:37.000,2017-08-29 10:01:50.972091
r4_1,338508296153,LA,8020.130000000001,end,1,2017-07-25 23:13:40.130,2017-08-29 10:01:50.972091
truck,327950,AL,8242.0,wait,1,2017-07-25 23:17:22.000,2017-08-29 10:01:50.972091
a1_1,327950,AL,8242.0,start,1,2017-07-25 23:17:22.000,2017-08-29 10:01:50.972091
a1_1,327950,AL,8242.0,end,1,2017-07-25 23:17:22.000,2017-08-29 10:01:50.972091
truck,339459621033,LL,8495.0,wait,2,2017-07-25 23:21:35.000,2017-08-29 10:01:50.972091
r1_2,339459621033,LL,8495.0,start,2,2017-07-25 23:21:35.000,2017-08-29 10:01:50.972091
r1_2,339459621033,LL,8498.68,end,2,2017-07-25 23:21:38.680,2017-08-29 10:01:50.972091
truck,336984802198,LA,8619.0,wait,5,2017-07-25 23:23:39.000,2017-08-29 10:01:50.972091
r3_1,336984802198,LA,8619.0,start,5,2017-07-25 23:23:39.000,2017-08-29 10:01:50.972091
r3_1,336984802198,LA,8628.389999999998,end,5,2017-07-25 23:23:48.390,2017-08-29 10:01:50.972091
truck,339908879184,LA,8708.0,wait,5,2017-07-25 23:25:08.000,2017-08-29 10:01:50.972091
r4_1,339908879184,LA,8708.0,start,5,2017-07-25 23:25:08.000,2017-08-29 10:01:50.972091
r4_1,339908879184,LA,8717.389999999998,end,5,2017-07-25 23:25:17.390,2017-08-29 10:01:50.972091
truck,339362112388,LA,8665.0,wait,83,2017-07-25 23:24:25.000,2017-08-29 10:01:50.972091
r5_1,339362112388,LA,8665.0,start,83,2017-07-25 23:24:25.000,2017-08-29 10:01:50.972091
r5_1,339362112388,LA,8796.459999999966,end,83,2017-07-25 23:26:36.460,2017-08-29 10:01:50.972091
truck,338066748356,LA,8862.0,wait,5,2017-07-25 23:27:42.000,2017-08-29 10:01:50.972091
r3_1,338066748356,LA,8862.0,start,5,2017-07-25 23:27:42.000,2017-08-29 10:01:50.972091
r3_1,338066748356,LA,8871.389999999998,end,5,2017-07-25 23:27:51.390,2017-08-29 10:01:50.972091
truck,339220876077,LL,8900.0,wait,1,2017-07-25 23:28:20.000,2017-08-29 10:01:50.972091
r1_2,339220876077,LL,8900.0,start,1,2017-07-25 23:28:20.000,2017-08-29 10:01:50.972091
r1_2,339220876077,LL,8903.68,end,1,2017-07-25 23:28:23.680,2017-08-29 10:01:50.972091
truck,339511040002,LL,8945.0,wait,2,2017-07-25 23:29:05.000,2017-08-29 10:01:50.972091
r4_1,339511040002,LL,8945.0,start,2,2017-07-25 23:29:05.000,2017-08-29 10:01:50.972091
r4_1,339511040002,LL,8948.13,end,2,2017-07-25 23:29:08.130,2017-08-29 10:01:50.972091
truck,339511040020,LA,8992.0,wait,1,2017-07-25 23:29:52.000,2017-08-29 10:01:50.972091
r5_1,339511040020,LA,8992.0,start,1,2017-07-25 23:29:52.000,2017-08-29 10:01:50.972091
r5_1,339511040020,LA,8995.13,end,1,2017-07-25 23:29:55.130,2017-08-29 10:01:50.972091
truck,339166422515,LA,9247.0,wait,3,2017-07-25 23:34:07.000,2017-08-29 10:01:50.972091
r3_1,339166422515,LA,9247.0,start,3,2017-07-25 23:34:07.000,2017-08-29 10:01:50.972091
r3_1,339166422515,LA,9253.259999999998,end,3,2017-07-25 23:34:13.260,2017-08-29 10:01:50.972091
truck,338554232607,LA,9661.0,wait,1,2017-07-25 23:41:01.000,2017-08-29 10:01:50.972091
r4_1,338554232607,LA,9661.0,start,1,2017-07-25 23:41:01.000,2017-08-29 10:01:50.972091
r4_1,338554232607,LA,9664.13,end,1,2017-07-25 23:41:04.130,2017-08-29 10:01:50.972091
truck,339556718581,LA,9803.0,wait,27,2017-07-25 23:43:23.000,2017-08-29 10:01:50.972091
r5_1,339556718581,LA,9803.0,start,27,2017-07-25 23:43:23.000,2017-08-29 10:01:50.972091
r5_1,339556718581,LA,9846.819999999989,end,27,2017-07-25 23:44:06.820,2017-08-29 10:01:50.972091
truck,338749675693,LA,9866.0,wait,8,2017-07-25 23:44:26.000,2017-08-29 10:01:50.972091
r3_1,338749675693,LA,9866.0,start,8,2017-07-25 23:44:26.000,2017-08-29 10:01:50.972091
r3_1,338749675693,LA,9878.519999999997,end,8,2017-07-25 23:44:38.520,2017-08-29 10:01:50.972091
truck,339396394180,LA,9901.0,wait,15,2017-07-25 23:45:01.000,2017-08-29 10:01:50.972091
r4_1,339396394180,LA,9901.0,start,15,2017-07-25 23:45:01.000,2017-08-29 10:01:50.972091
r4_1,339396394180,LA,9926.039999999994,end,15,2017-07-25 23:45:26.040,2017-08-29 10:01:50.972091
truck,339731028279,LA,9952.0,wait,5,2017-07-25 23:45:52.000,2017-08-29 10:01:50.972091
r5_1,339731028279,LA,9952.0,start,5,2017-07-25 23:45:52.000,2017-08-29 10:01:50.972091
r5_1,339731028279,LA,9961.389999999998,end,5,2017-07-25 23:46:01.390,2017-08-29 10:01:50.972091
truck,338022877293,LA,10020.0,wait,4,2017-07-25 23:47:00.000,2017-08-29 10:01:50.972091
r3_1,338022877293,LA,10020.0,start,4,2017-07-25 23:47:00.000,2017-08-29 10:01:50.972091
r3_1,338022877293,LA,10026.259999999998,end,4,2017-07-25 23:47:06.260,2017-08-29 10:01:50.972091
truck,338918782393,LL,10175.0,wait,1,2017-07-25 23:49:35.000,2017-08-29 10:01:50.972091
r1_1,338918782393,LL,10175.0,start,1,2017-07-25 23:49:35.000,2017-08-29 10:01:50.972091
r1_1,338918782393,LL,10178.68,end,1,2017-07-25 23:49:38.680,2017-08-29 10:01:50.972091
truck,328271,AL,10210.0,wait,1,2017-07-25 23:50:10.000,2017-08-29 10:01:50.972091
a2_11,328271,AL,10210.0,start,1,2017-07-25 23:50:10.000,2017-08-29 10:01:50.972091
a2_11,328271,AL,10210.0,end,1,2017-07-25 23:50:10.000,2017-08-29 10:01:50.972091
truck,336282127883,LA,10305.0,wait,1,2017-07-25 23:51:45.000,2017-08-29 10:01:50.972091
r4_1,336282127883,LA,10305.0,start,1,2017-07-25 23:51:45.000,2017-08-29 10:01:50.972091
r4_1,336282127883,LA,10308.13,end,1,2017-07-25 23:51:48.130,2017-08-29 10:01:50.972091
truck,338196622973,LL,10340.0,wait,3,2017-07-25 23:52:20.000,2017-08-29 10:01:50.972091
r5_1,338196622973,LL,10340.0,start,3,2017-07-25 23:52:20.000,2017-08-29 10:01:50.972091
r5_1,338196622973,LL,10346.259999999998,end,3,2017-07-25 23:52:26.260,2017-08-29 10:01:50.972091
truck,338021771677,LA,10368.0,wait,55,2017-07-25 23:52:48.000,2017-08-29 10:01:50.972091
r3_1,338021771677,LA,10368.0,start,55,2017-07-25 23:52:48.000,2017-08-29 10:01:50.972091
r3_1,338021771677,LA,10455.639999999978,end,55,2017-07-25 23:54:15.640,2017-08-29 10:01:50.972091
truck,336636881897,LA,10635.0,wait,1,2017-07-25 23:57:15.000,2017-08-29 10:01:50.972091
r4_1,336636881897,LA,10635.0,start,1,2017-07-25 23:57:15.000,2017-08-29 10:01:50.972091
r4_1,336636881897,LA,10638.13,end,1,2017-07-25 23:57:18.130,2017-08-29 10:01:50.972091
truck,328278,AL,10648.0,wait,1,2017-07-25 23:57:28.000,2017-08-29 10:01:50.972091
a2_12,328278,AL,10648.0,start,1,2017-07-25 23:57:28.000,2017-08-29 10:01:50.972091
a2_12,328278,AL,10648.0,end,1,2017-07-25 23:57:28.000,2017-08-29 10:01:50.972091
truck,527364,AA,10732.0,wait,1,2017-07-25 23:58:52.000,2017-08-29 10:01:50.972091
a2_3,527364,AA,10732.0,start,1,2017-07-25 23:58:52.000,2017-08-29 10:01:50.972091
a2_3,527364,AA,10732.0,end,1,2017-07-25 23:58:52.000,2017-08-29 10:01:50.972091
truck,338196622928,LA,10922.0,wait,5,2017-07-26 00:02:02.000,2017-08-29 10:01:50.972091
r5_1,338196622928,LA,10922.0,start,5,2017-07-26 00:02:02.000,2017-08-29 10:01:50.972091
r5_1,338196622928,LA,10931.389999999998,end,5,2017-07-26 00:02:11.390,2017-08-29 10:01:50.972091
truck,339908879227,LA,11016.0,wait,10,2017-07-26 00:03:36.000,2017-08-29 10:01:50.972091
r3_1,339908879227,LA,11016.0,start,10,2017-07-26 00:03:36.000,2017-08-29 10:01:50.972091
r3_1,339908879227,LA,11031.649999999996,end,10,2017-07-26 00:03:51.650,2017-08-29 10:01:50.972091
truck,339511040109,LL,11122.0,wait,2,2017-07-26 00:05:22.000,2017-08-29 10:01:50.972091
r4_1,339511040109,LL,11122.0,start,2,2017-07-26 00:05:22.000,2017-08-29 10:01:50.972091
r4_1,339511040109,LL,11125.13,end,2,2017-07-26 00:05:25.130,2017-08-29 10:01:50.972091
truck,338332712044,LA,11207.0,wait,32,2017-07-26 00:06:47.000,2017-08-29 10:01:50.972091
r5_1,338332712044,LA,11207.0,start,32,2017-07-26 00:06:47.000,2017-08-29 10:01:50.972091
r5_1,338332712044,LA,11257.079999999987,end,32,2017-07-26 00:07:37.080,2017-08-29 10:01:50.972091
truck,339556601029,LA,11296.0,wait,3,2017-07-26 00:08:16.000,2017-08-29 10:01:50.972091
r3_1,339556601029,LA,11296.0,start,3,2017-07-26 00:08:16.000,2017-08-29 10:01:50.972091
r3_1,339556601029,LA,11302.259999999998,end,3,2017-07-26 00:08:22.260,2017-08-29 10:01:50.972091
truck,339142756622,LA,11372.0,wait,22,2017-07-26 00:09:32.000,2017-08-29 10:01:50.972091
r4_1,339142756622,LA,11372.0,start,22,2017-07-26 00:09:32.000,2017-08-29 10:01:50.972091
r4_1,339142756622,LA,11406.429999999991,end,22,2017-07-26 00:10:06.430,2017-08-29 10:01:50.972091
truck,338509132759,LA,11747.0,wait,5,2017-07-26 00:15:47.000,2017-08-29 10:01:50.972091
r5_1,338509132759,LA,11747.0,start,5,2017-07-26 00:15:47.000,2017-08-29 10:01:50.972091
r5_1,338509132759,LA,11756.389999999998,end,5,2017-07-26 00:15:56.390,2017-08-29 10:01:50.972091
truck,338931457719,LA,12512.0,wait,97,2017-07-26 00:28:32.000,2017-08-29 10:01:50.972091
r3_1,338931457719,LA,12512.0,start,97,2017-07-26 00:28:32.000,2017-08-29 10:01:50.972091
r3_1,338931457719,LA,12665.36999999996,end,97,2017-07-26 00:31:05.370,2017-08-29 10:01:50.972091
truck,338004096683,LA,13768.0,wait,1,2017-07-26 00:49:28.000,2017-08-29 10:01:50.972091
r4_1,338004096683,LA,13768.0,start,1,2017-07-26 00:49:28.000,2017-08-29 10:01:50.972091
r4_1,338004096683,LA,13771.13,end,1,2017-07-26 00:49:31.130,2017-08-29 10:01:50.972091
truck,338021742929,LA,14525.0,wait,14,2017-07-26 01:02:05.000,2017-08-29 10:01:50.972091
r5_1,338021742929,LA,14525.0,start,14,2017-07-26 01:02:05.000,2017-08-29 10:01:50.972091
r5_1,338021742929,LA,14546.909999999994,end,14,2017-07-26 01:02:26.910,2017-08-29 10:01:50.972091
truck,338332712053,LA,14544.0,wait,2,2017-07-26 01:02:24.000,2017-08-29 10:01:50.972091
r3_1,338332712053,LA,14544.0,start,2,2017-07-26 01:02:24.000,2017-08-29 10:01:50.972091
r3_1,338332712053,LA,14547.13,end,2,2017-07-26 01:02:27.130,2017-08-29 10:01:50.972091
truck,339556718572,LA,14580.0,wait,31,2017-07-26 01:03:00.000,2017-08-29 10:01:50.972091
r5_1,339556718572,LA,14636.909999999994,start,31,2017-07-26 01:03:56.910,2017-08-29 10:01:50.972091
r5_1,339556718572,LA,14686.989999999982,end,31,2017-07-26 01:04:46.990,2017-08-29 10:01:50.972091
truck,338020287553,LA,14558.0,wait,91,2017-07-26 01:02:38.000,2017-08-29 10:01:50.972091
r4_1,338020287553,LA,14558.0,start,91,2017-07-26 01:02:38.000,2017-08-29 10:01:50.972091
r4_1,338020287553,LA,14701.979999999963,end,91,2017-07-26 01:05:01.980,2017-08-29 10:01:50.972091
truck,328124,AL,14710.000000000002,wait,1,2017-07-26 01:05:10.000,2017-08-29 10:01:50.972091
a2_6,328124,AL,14710.000000000002,start,1,2017-07-26 01:05:10.000,2017-08-29 10:01:50.972091
a2_6,328124,AL,14710.000000000002,end,1,2017-07-26 01:05:10.000,2017-08-29 10:01:50.972091
truck,328228,AA,14711.000000000002,wait,1,2017-07-26 01:05:11.000,2017-08-29 10:01:50.972091
a2_9,328228,AA,14711.000000000002,start,1,2017-07-26 01:05:11.000,2017-08-29 10:01:50.972091
a2_9,328228,AA,14711.000000000002,end,1,2017-07-26 01:05:11.000,2017-08-29 10:01:50.972091
truck,327979,AA,14729.000000000002,wait,1,2017-07-26 01:05:29.000,2017-08-29 10:01:50.972091
a1_1,327979,AA,14729.000000000002,start,1,2017-07-26 01:05:29.000,2017-08-29 10:01:50.972091
a1_1,327979,AA,14729.000000000002,end,1,2017-07-26 01:05:29.000,2017-08-29 10:01:50.972091
truck,328003,AA,14806.000000000002,wait,1,2017-07-26 01:06:46.000,2017-08-29 10:01:50.972091
a2_11,328003,AA,14806.000000000002,start,1,2017-07-26 01:06:46.000,2017-08-29 10:01:50.972091
a2_11,328003,AA,14806.000000000002,end,1,2017-07-26 01:06:46.000,2017-08-29 10:01:50.972091
truck,328010,AA,14806.000000000002,wait,1,2017-07-26 01:06:46.000,2017-08-29 10:01:50.972091
a2_12,328010,AA,14806.000000000002,start,1,2017-07-26 01:06:46.000,2017-08-29 10:01:50.972091
a2_12,328010,AA,14806.000000000002,end,1,2017-07-26 01:06:46.000,2017-08-29 10:01:50.972091
truck,328020,AA,14808.000000000002,wait,1,2017-07-26 01:06:48.000,2017-08-29 10:01:50.972091
a2_3,328020,AA,14808.000000000002,start,1,2017-07-26 01:06:48.000,2017-08-29 10:01:50.972091
a2_3,328020,AA,14808.000000000002,end,1,2017-07-26 01:06:48.000,2017-08-29 10:01:50.972091
truck,328233,AA,14826.000000000002,wait,1,2017-07-26 01:07:06.000,2017-08-29 10:01:50.972091
a2_6,328233,AA,14826.000000000002,start,1,2017-07-26 01:07:06.000,2017-08-29 10:01:50.972091
a2_6,328233,AA,14826.000000000002,end,1,2017-07-26 01:07:06.000,2017-08-29 10:01:50.972091
truck,328135,AA,14831.000000000002,wait,1,2017-07-26 01:07:11.000,2017-08-29 10:01:50.972091
a2_9,328135,AA,14831.000000000002,start,1,2017-07-26 01:07:11.000,2017-08-29 10:01:50.972091
a2_9,328135,AA,14831.000000000002,end,1,2017-07-26 01:07:11.000,2017-08-29 10:01:50.972091
truck,328050,AL,14860.000000000002,wait,1,2017-07-26 01:07:40.000,2017-08-29 10:01:50.972091
a1_1,328050,AL,14860.000000000002,start,1,2017-07-26 01:07:40.000,2017-08-29 10:01:50.972091
a1_1,328050,AL,14860.000000000002,end,1,2017-07-26 01:07:40.000,2017-08-29 10:01:50.972091
truck,327987,AL,14878.000000000002,wait,1,2017-07-26 01:07:58.000,2017-08-29 10:01:50.972091
a2_11,327987,AL,14878.000000000002,start,1,2017-07-26 01:07:58.000,2017-08-29 10:01:50.972091
a2_11,327987,AL,14878.000000000002,end,1,2017-07-26 01:07:58.000,2017-08-29 10:01:50.972091
truck,328230,AL,14886.000000000002,wait,1,2017-07-26 01:08:06.000,2017-08-29 10:01:50.972091
a2_12,328230,AL,14886.000000000002,start,1,2017-07-26 01:08:06.000,2017-08-29 10:01:50.972091
a2_12,328230,AL,14886.000000000002,end,1,2017-07-26 01:08:06.000,2017-08-29 10:01:50.972091
truck,336994000500,LL,14902.000000000002,wait,1,2017-07-26 01:08:22.000,2017-08-29 10:01:50.972091
r1_2,336994000500,LL,14902.000000000002,start,1,2017-07-26 01:08:22.000,2017-08-29 10:01:50.972091
r1_2,336994000500,LL,14905.680000000002,end,1,2017-07-26 01:08:25.680,2017-08-29 10:01:50.972091
truck,327790,AL,14908.000000000002,wait,1,2017-07-26 01:08:28.000,2017-08-29 10:01:50.972091
a2_3,327790,AL,14908.000000000002,start,1,2017-07-26 01:08:28.000,2017-08-29 10:01:50.972091
a2_3,327790,AL,14908.000000000002,end,1,2017-07-26 01:08:28.000,2017-08-29 10:01:50.972091
truck,328007,AA,14918.000000000002,wait,1,2017-07-26 01:08:38.000,2017-08-29 10:01:50.972091
a2_6,328007,AA,14918.000000000002,start,1,2017-07-26 01:08:38.000,2017-08-29 10:01:50.972091
a2_6,328007,AA,14918.000000000002,end,1,2017-07-26 01:08:38.000,2017-08-29 10:01:50.972091
truck,328009,AA,14918.000000000002,wait,1,2017-07-26 01:08:38.000,2017-08-29 10:01:50.972091
a2_9,328009,AA,14918.000000000002,start,1,2017-07-26 01:08:38.000,2017-08-29 10:01:50.972091
a2_9,328009,AA,14918.000000000002,end,1,2017-07-26 01:08:38.000,2017-08-29 10:01:50.972091
truck,328013,AA,14918.000000000002,wait,1,2017-07-26 01:08:38.000,2017-08-29 10:01:50.972091
a1_1,328013,AA,14918.000000000002,start,1,2017-07-26 01:08:38.000,2017-08-29 10:01:50.972091
a1_1,328013,AA,14918.000000000002,end,1,2017-07-26 01:08:38.000,2017-08-29 10:01:50.972091
truck,328041,AA,14918.000000000002,wait,1,2017-07-26 01:08:38.000,2017-08-29 10:01:50.972091
a2_11,328041,AA,14918.000000000002,start,1,2017-07-26 01:08:38.000,2017-08-29 10:01:50.972091
a2_11,328041,AA,14918.000000000002,end,1,2017-07-26 01:08:38.000,2017-08-29 10:01:50.972091
truck,327983,AL,14924.000000000002,wait,1,2017-07-26 01:08:44.000,2017-08-29 10:01:50.972091
a2_12,327983,AL,14924.000000000002,start,1,2017-07-26 01:08:44.000,2017-08-29 10:01:50.972091
a2_12,327983,AL,14924.000000000002,end,1,2017-07-26 01:08:44.000,2017-08-29 10:01:50.972091
truck,328120,AL,14924.000000000002,wait,1,2017-07-26 01:08:44.000,2017-08-29 10:01:50.972091
a2_3,328120,AL,14924.000000000002,start,1,2017-07-26 01:08:44.000,2017-08-29 10:01:50.972091
a2_3,328120,AL,14924.000000000002,end,1,2017-07-26 01:08:44.000,2017-08-29 10:01:50.972091
truck,328121,AL,14924.000000000002,wait,1,2017-07-26 01:08:44.000,2017-08-29 10:01:50.972091
a2_6,328121,AL,14924.000000000002,start,1,2017-07-26 01:08:44.000,2017-08-29 10:01:50.972091
a2_6,328121,AL,14924.000000000002,end,1,2017-07-26 01:08:44.000,2017-08-29 10:01:50.972091
truck,327833,AA,14939.000000000002,wait,1,2017-07-26 01:08:59.000,2017-08-29 10:01:50.972091
a2_9,327833,AA,14939.000000000002,start,1,2017-07-26 01:08:59.000,2017-08-29 10:01:50.972091
a2_9,327833,AA,14939.000000000002,end,1,2017-07-26 01:08:59.000,2017-08-29 10:01:50.972091
truck,328481,AL,14953.000000000002,wait,1,2017-07-26 01:09:13.000,2017-08-29 10:01:50.972091
a1_1,328481,AL,14953.000000000002,start,1,2017-07-26 01:09:13.000,2017-08-29 10:01:50.972091
a1_1,328481,AL,14953.000000000002,end,1,2017-07-26 01:09:13.000,2017-08-29 10:01:50.972091
truck,328133,AA,14976.000000000002,wait,1,2017-07-26 01:09:36.000,2017-08-29 10:01:50.972091
a2_11,328133,AA,14976.000000000002,start,1,2017-07-26 01:09:36.000,2017-08-29 10:01:50.972091
a2_11,328133,AA,14976.000000000002,end,1,2017-07-26 01:09:36.000,2017-08-29 10:01:50.972091
truck,330223,AL,14992.000000000002,wait,1,2017-07-26 01:09:52.000,2017-08-29 10:01:50.972091
a2_12,330223,AL,14992.000000000002,start,1,2017-07-26 01:09:52.000,2017-08-29 10:01:50.972091
a2_12,330223,AL,14992.000000000002,end,1,2017-07-26 01:09:52.000,2017-08-29 10:01:50.972091
truck,328006,AL,14995.000000000002,wait,1,2017-07-26 01:09:55.000,2017-08-29 10:01:50.972091
a2_3,328006,AL,14995.000000000002,start,1,2017-07-26 01:09:55.000,2017-08-29 10:01:50.972091
a2_3,328006,AL,14995.000000000002,end,1,2017-07-26 01:09:55.000,2017-08-29 10:01:50.972091
truck,328052,AL,15016.000000000002,wait,1,2017-07-26 01:10:16.000,2017-08-29 10:01:50.972091
a2_6,328052,AL,15016.000000000002,start,1,2017-07-26 01:10:16.000,2017-08-29 10:01:50.972091
a2_6,328052,AL,15016.000000000002,end,1,2017-07-26 01:10:16.000,2017-08-29 10:01:50.972091
truck,327978,AA,15020.000000000002,wait,1,2017-07-26 01:10:20.000,2017-08-29 10:01:50.972091
a2_9,327978,AA,15020.000000000002,start,1,2017-07-26 01:10:20.000,2017-08-29 10:01:50.972091
a2_9,327978,AA,15020.000000000002,end,1,2017-07-26 01:10:20.000,2017-08-29 10:01:50.972091
truck,328002,AA,15041.000000000002,wait,1,2017-07-26 01:10:41.000,2017-08-29 10:01:50.972091
a1_1,328002,AA,15041.000000000002,start,1,2017-07-26 01:10:41.000,2017-08-29 10:01:50.972091
a1_1,328002,AA,15041.000000000002,end,1,2017-07-26 01:10:41.000,2017-08-29 10:01:50.972091
truck,328118,AA,15057.000000000002,wait,1,2017-07-26 01:10:57.000,2017-08-29 10:01:50.972091
a2_11,328118,AA,15057.000000000002,start,1,2017-07-26 01:10:57.000,2017-08-29 10:01:50.972091
a2_11,328118,AA,15057.000000000002,end,1,2017-07-26 01:10:57.000,2017-08-29 10:01:50.972091
truck,328134,AL,15074.000000000002,wait,1,2017-07-26 01:11:14.000,2017-08-29 10:01:50.972091
a2_12,328134,AL,15074.000000000002,start,1,2017-07-26 01:11:14.000,2017-08-29 10:01:50.972091
a2_12,328134,AL,15074.000000000002,end,1,2017-07-26 01:11:14.000,2017-08-29 10:01:50.972091
truck,327809,AA,15085.000000000002,wait,1,2017-07-26 01:11:25.000,2017-08-29 10:01:50.972091
a2_3,327809,AA,15085.000000000002,start,1,2017-07-26 01:11:25.000,2017-08-29 10:01:50.972091
a2_3,327809,AA,15085.000000000002,end,1,2017-07-26 01:11:25.000,2017-08-29 10:01:50.972091
truck,328123,AA,15111.000000000002,wait,1,2017-07-26 01:11:51.000,2017-08-29 10:01:50.972091
a2_6,328123,AA,15111.000000000002,start,1,2017-07-26 01:11:51.000,2017-08-29 10:01:50.972091
a2_6,328123,AA,15111.000000000002,end,1,2017-07-26 01:11:51.000,2017-08-29 10:01:50.972091
truck,328136,AL,15130.000000000002,wait,1,2017-07-26 01:12:10.000,2017-08-29 10:01:50.972091
a2_9,328136,AL,15130.000000000002,start,1,2017-07-26 01:12:10.000,2017-08-29 10:01:50.972091
a2_9,328136,AL,15130.000000000002,end,1,2017-07-26 01:12:10.000,2017-08-29 10:01:50.972091
truck,327977,AL,15149.000000000002,wait,1,2017-07-26 01:12:29.000,2017-08-29 10:01:50.972091
a1_1,327977,AL,15149.000000000002,start,1,2017-07-26 01:12:29.000,2017-08-29 10:01:50.972091
a1_1,327977,AL,15149.000000000002,end,1,2017-07-26 01:12:29.000,2017-08-29 10:01:50.972091
truck,328004,AL,15149.000000000002,wait,1,2017-07-26 01:12:29.000,2017-08-29 10:01:50.972091
a2_11,328004,AL,15149.000000000002,start,1,2017-07-26 01:12:29.000,2017-08-29 10:01:50.972091
a2_11,328004,AL,15149.000000000002,end,1,2017-07-26 01:12:29.000,2017-08-29 10:01:50.972091
truck,328030,AA,15179.000000000002,wait,1,2017-07-26 01:12:59.000,2017-08-29 10:01:50.972091
a2_12,328030,AA,15179.000000000002,start,1,2017-07-26 01:12:59.000,2017-08-29 10:01:50.972091
a2_12,328030,AA,15179.000000000002,end,1,2017-07-26 01:12:59.000,2017-08-29 10:01:50.972091
truck,328031,AA,15179.000000000002,wait,1,2017-07-26 01:12:59.000,2017-08-29 10:01:50.972091
a2_3,328031,AA,15179.000000000002,start,1,2017-07-26 01:12:59.000,2017-08-29 10:01:50.972091
a2_3,328031,AA,15179.000000000002,end,1,2017-07-26 01:12:59.000,2017-08-29 10:01:50.972091
truck,327966,AA,15182.000000000002,wait,1,2017-07-26 01:13:02.000,2017-08-29 10:01:50.972091
a2_6,327966,AA,15182.000000000002,start,1,2017-07-26 01:13:02.000,2017-08-29 10:01:50.972091
a2_6,327966,AA,15182.000000000002,end,1,2017-07-26 01:13:02.000,2017-08-29 10:01:50.972091
truck,327967,AA,15182.000000000002,wait,1,2017-07-26 01:13:02.000,2017-08-29 10:01:50.972091
a2_9,327967,AA,15182.000000000002,start,1,2017-07-26 01:13:02.000,2017-08-29 10:01:50.972091
a2_9,327967,AA,15182.000000000002,end,1,2017-07-26 01:13:02.000,2017-08-29 10:01:50.972091
truck,594397,AL,15207.000000000002,wait,1,2017-07-26 01:13:27.000,2017-08-29 10:01:50.972091
a1_1,594397,AL,15207.000000000002,start,1,2017-07-26 01:13:27.000,2017-08-29 10:01:50.972091
a1_1,594397,AL,15207.000000000002,end,1,2017-07-26 01:13:27.000,2017-08-29 10:01:50.972091
truck,328114,AL,15230.000000000002,wait,1,2017-07-26 01:13:50.000,2017-08-29 10:01:50.972091
a2_11,328114,AL,15230.000000000002,start,1,2017-07-26 01:13:50.000,2017-08-29 10:01:50.972091
a2_11,328114,AL,15230.000000000002,end,1,2017-07-26 01:13:50.000,2017-08-29 10:01:50.972091
truck,328127,AL,15230.000000000002,wait,1,2017-07-26 01:13:50.000,2017-08-29 10:01:50.972091
a2_12,328127,AL,15230.000000000002,start,1,2017-07-26 01:13:50.000,2017-08-29 10:01:50.972091
a2_12,328127,AL,15230.000000000002,end,1,2017-07-26 01:13:50.000,2017-08-29 10:01:50.972091
truck,328115,AA,15235.000000000002,wait,1,2017-07-26 01:13:55.000,2017-08-29 10:01:50.972091
a2_3,328115,AA,15235.000000000002,start,1,2017-07-26 01:13:55.000,2017-08-29 10:01:50.972091
a2_3,328115,AA,15235.000000000002,end,1,2017-07-26 01:13:55.000,2017-08-29 10:01:50.972091
truck,328129,AL,15259.000000000002,wait,1,2017-07-26 01:14:19.000,2017-08-29 10:01:50.972091
a2_6,328129,AL,15259.000000000002,start,1,2017-07-26 01:14:19.000,2017-08-29 10:01:50.972091
a2_6,328129,AL,15259.000000000002,end,1,2017-07-26 01:14:19.000,2017-08-29 10:01:50.972091
truck,329588,AL,15265.000000000002,wait,1,2017-07-26 01:14:25.000,2017-08-29 10:01:50.972091
a2_9,329588,AL,15265.000000000002,start,1,2017-07-26 01:14:25.000,2017-08-29 10:01:50.972091
a2_9,329588,AL,15265.000000000002,end,1,2017-07-26 01:14:25.000,2017-08-29 10:01:50.972091
truck,327973,AA,15289.000000000002,wait,1,2017-07-26 01:14:49.000,2017-08-29 10:01:50.972091
a1_1,327973,AA,15289.000000000002,start,1,2017-07-26 01:14:49.000,2017-08-29 10:01:50.972091
a1_1,327973,AA,15289.000000000002,end,1,2017-07-26 01:14:49.000,2017-08-29 10:01:50.972091
truck,328012,AL,15321.000000000002,wait,1,2017-07-26 01:15:21.000,2017-08-29 10:01:50.972091
a2_11,328012,AL,15321.000000000002,start,1,2017-07-26 01:15:21.000,2017-08-29 10:01:50.972091
a2_11,328012,AL,15321.000000000002,end,1,2017-07-26 01:15:21.000,2017-08-29 10:01:50.972091
truck,328042,AL,15321.000000000002,wait,1,2017-07-26 01:15:21.000,2017-08-29 10:01:50.972091
a2_12,328042,AL,15321.000000000002,start,1,2017-07-26 01:15:21.000,2017-08-29 10:01:50.972091
a2_12,328042,AL,15321.000000000002,end,1,2017-07-26 01:15:21.000,2017-08-29 10:01:50.972091
truck,328138,AA,15350.000000000002,wait,1,2017-07-26 01:15:50.000,2017-08-29 10:01:50.972091
a2_3,328138,AA,15350.000000000002,start,1,2017-07-26 01:15:50.000,2017-08-29 10:01:50.972091
a2_3,328138,AA,15350.000000000002,end,1,2017-07-26 01:15:50.000,2017-08-29 10:01:50.972091
truck,327980,AA,15359.000000000002,wait,1,2017-07-26 01:15:59.000,2017-08-29 10:01:50.972091
a2_6,327980,AA,15359.000000000002,start,1,2017-07-26 01:15:59.000,2017-08-29 10:01:50.972091
a2_6,327980,AA,15359.000000000002,end,1,2017-07-26 01:15:59.000,2017-08-29 10:01:50.972091
truck,336809577559,LA,15318.000000000002,wait,37,2017-07-26 01:15:18.000,2017-08-29 10:01:50.972091
r3_1,336809577559,LA,15318.000000000002,start,37,2017-07-26 01:15:18.000,2017-08-29 10:01:50.972091
r3_1,336809577559,LA,15377.469999999987,end,37,2017-07-26 01:16:17.470,2017-08-29 10:01:50.972091
truck,328132,AA,15389.000000000002,wait,1,2017-07-26 01:16:29.000,2017-08-29 10:01:50.972091
a2_9,328132,AA,15389.000000000002,start,1,2017-07-26 01:16:29.000,2017-08-29 10:01:50.972091
a2_9,328132,AA,15389.000000000002,end,1,2017-07-26 01:16:29.000,2017-08-29 10:01:50.972091
truck,328001,AL,15399.000000000002,wait,1,2017-07-26 01:16:39.000,2017-08-29 10:01:50.972091
a1_1,328001,AL,15399.000000000002,start,1,2017-07-26 01:16:39.000,2017-08-29 10:01:50.972091
a1_1,328001,AL,15399.000000000002,end,1,2017-07-26 01:16:39.000,2017-08-29 10:01:50.972091
truck,328229,AL,15399.000000000002,wait,1,2017-07-26 01:16:39.000,2017-08-29 10:01:50.972091
a2_11,328229,AL,15399.000000000002,start,1,2017-07-26 01:16:39.000,2017-08-29 10:01:50.972091
a2_11,328229,AL,15399.000000000002,end,1,2017-07-26 01:16:39.000,2017-08-29 10:01:50.972091
truck,328232,AL,15399.000000000002,wait,1,2017-07-26 01:16:39.000,2017-08-29 10:01:50.972091
a2_12,328232,AL,15399.000000000002,start,1,2017-07-26 01:16:39.000,2017-08-29 10:01:50.972091
a2_12,328232,AL,15399.000000000002,end,1,2017-07-26 01:16:39.000,2017-08-29 10:01:50.972091
truck,328038,AA,15422.000000000002,wait,1,2017-07-26 01:17:02.000,2017-08-29 10:01:50.972091
a2_3,328038,AA,15422.000000000002,start,1,2017-07-26 01:17:02.000,2017-08-29 10:01:50.972091
a2_3,328038,AA,15422.000000000002,end,1,2017-07-26 01:17:02.000,2017-08-29 10:01:50.972091
truck,526484,AL,15426.000000000002,wait,1,2017-07-26 01:17:06.000,2017-08-29 10:01:50.972091
a2_6,526484,AL,15426.000000000002,start,1,2017-07-26 01:17:06.000,2017-08-29 10:01:50.972091
a2_6,526484,AL,15426.000000000002,end,1,2017-07-26 01:17:06.000,2017-08-29 10:01:50.972091
truck,327968,AA,15523.000000000002,wait,1,2017-07-26 01:18:43.000,2017-08-29 10:01:50.972091
a2_9,327968,AA,15523.000000000002,start,1,2017-07-26 01:18:43.000,2017-08-29 10:01:50.972091
a2_9,327968,AA,15523.000000000002,end,1,2017-07-26 01:18:43.000,2017-08-29 10:01:50.972091
truck,328638,AL,15527.000000000002,wait,1,2017-07-26 01:18:47.000,2017-08-29 10:01:50.972091
a1_1,328638,AL,15527.000000000002,start,1,2017-07-26 01:18:47.000,2017-08-29 10:01:50.972091
a1_1,328638,AL,15527.000000000002,end,1,2017-07-26 01:18:47.000,2017-08-29 10:01:50.972091
truck,327799,AL,15530.000000000002,wait,1,2017-07-26 01:18:50.000,2017-08-29 10:01:50.972091
a2_11,327799,AL,15530.000000000002,start,1,2017-07-26 01:18:50.000,2017-08-29 10:01:50.972091
a2_11,327799,AL,15530.000000000002,end,1,2017-07-26 01:18:50.000,2017-08-29 10:01:50.972091
truck,328061,AL,15595.000000000002,wait,1,2017-07-26 01:19:55.000,2017-08-29 10:01:50.972091
a2_12,328061,AL,15595.000000000002,start,1,2017-07-26 01:19:55.000,2017-08-29 10:01:50.972091
a2_12,328061,AL,15595.000000000002,end,1,2017-07-26 01:19:55.000,2017-08-29 10:01:50.972091
truck,554518,AL,15725.000000000002,wait,1,2017-07-26 01:22:05.000,2017-08-29 10:01:50.972091
a2_3,554518,AL,15725.000000000002,start,1,2017-07-26 01:22:05.000,2017-08-29 10:01:50.972091
a2_3,554518,AL,15725.000000000002,end,1,2017-07-26 01:22:05.000,2017-08-29 10:01:50.972091
truck,327800,AL,15739.000000000002,wait,1,2017-07-26 01:22:19.000,2017-08-29 10:01:50.972091
a2_6,327800,AL,15739.000000000002,start,1,2017-07-26 01:22:19.000,2017-08-29 10:01:50.972091
a2_6,327800,AL,15739.000000000002,end,1,2017-07-26 01:22:19.000,2017-08-29 10:01:50.972091
truck,327791,AL,15769.000000000002,wait,1,2017-07-26 01:22:49.000,2017-08-29 10:01:50.972091
a2_9,327791,AL,15769.000000000002,start,1,2017-07-26 01:22:49.000,2017-08-29 10:01:50.972091
a2_9,327791,AL,15769.000000000002,end,1,2017-07-26 01:22:49.000,2017-08-29 10:01:50.972091
truck,328008,AL,15769.000000000002,wait,1,2017-07-26 01:22:49.000,2017-08-29 10:01:50.972091
a1_1,328008,AL,15769.000000000002,start,1,2017-07-26 01:22:49.000,2017-08-29 10:01:50.972091
a1_1,328008,AL,15769.000000000002,end,1,2017-07-26 01:22:49.000,2017-08-29 10:01:50.972091
truck,328011,AL,15769.000000000002,wait,1,2017-07-26 01:22:49.000,2017-08-29 10:01:50.972091
a2_11,328011,AL,15769.000000000002,start,1,2017-07-26 01:22:49.000,2017-08-29 10:01:50.972091
a2_11,328011,AL,15769.000000000002,end,1,2017-07-26 01:22:49.000,2017-08-29 10:01:50.972091
truck,327965,AL,15782.000000000002,wait,1,2017-07-26 01:23:02.000,2017-08-29 10:01:50.972091
a2_12,327965,AL,15782.000000000002,start,1,2017-07-26 01:23:02.000,2017-08-29 10:01:50.972091
a2_12,327965,AL,15782.000000000002,end,1,2017-07-26 01:23:02.000,2017-08-29 10:01:50.972091
truck,328096,AL,15800.000000000002,wait,1,2017-07-26 01:23:20.000,2017-08-29 10:01:50.972091
a2_3,328096,AL,15800.000000000002,start,1,2017-07-26 01:23:20.000,2017-08-29 10:01:50.972091
a2_3,328096,AL,15800.000000000002,end,1,2017-07-26 01:23:20.000,2017-08-29 10:01:50.972091
truck,594405,AL,15855.000000000002,wait,1,2017-07-26 01:24:15.000,2017-08-29 10:01:50.972091
a2_6,594405,AL,15855.000000000002,start,1,2017-07-26 01:24:15.000,2017-08-29 10:01:50.972091
a2_6,594405,AL,15855.000000000002,end,1,2017-07-26 01:24:15.000,2017-08-29 10:01:50.972091
truck,328005,AL,15980.000000000002,wait,1,2017-07-26 01:26:20.000,2017-08-29 10:01:50.972091
a2_9,328005,AL,15980.000000000002,start,1,2017-07-26 01:26:20.000,2017-08-29 10:01:50.972091
a2_9,328005,AL,15980.000000000002,end,1,2017-07-26 01:26:20.000,2017-08-29 10:01:50.972091
truck,328034,AL,15980.000000000002,wait,1,2017-07-26 01:26:20.000,2017-08-29 10:01:50.972091
a1_1,328034,AL,15980.000000000002,start,1,2017-07-26 01:26:20.000,2017-08-29 10:01:50.972091
a1_1,328034,AL,15980.000000000002,end,1,2017-07-26 01:26:20.000,2017-08-29 10:01:50.972091
truck,328045,AL,15980.000000000002,wait,1,2017-07-26 01:26:20.000,2017-08-29 10:01:50.972091
a2_11,328045,AL,15980.000000000002,start,1,2017-07-26 01:26:20.000,2017-08-29 10:01:50.972091
a2_11,328045,AL,15980.000000000002,end,1,2017-07-26 01:26:20.000,2017-08-29 10:01:50.972091
truck,328227,AL,15980.000000000002,wait,1,2017-07-26 01:26:20.000,2017-08-29 10:01:50.972091
a2_12,328227,AL,15980.000000000002,start,1,2017-07-26 01:26:20.000,2017-08-29 10:01:50.972091
a2_12,328227,AL,15980.000000000002,end,1,2017-07-26 01:26:20.000,2017-08-29 10:01:50.972091
truck,328126,AL,15999.000000000002,wait,1,2017-07-26 01:26:39.000,2017-08-29 10:01:50.972091
a2_3,328126,AL,15999.000000000002,start,1,2017-07-26 01:26:39.000,2017-08-29 10:01:50.972091
a2_3,328126,AL,15999.000000000002,end,1,2017-07-26 01:26:39.000,2017-08-29 10:01:50.972091
truck,340002202130,LA,16048.000000000002,wait,1,2017-07-26 01:27:28.000,2017-08-29 10:01:50.972091
r5_1,340002202130,LA,16048.000000000002,start,1,2017-07-26 01:27:28.000,2017-08-29 10:01:50.972091
r5_1,340002202130,LA,16051.130000000001,end,1,2017-07-26 01:27:31.130,2017-08-29 10:01:50.972091
truck,328054,AL,16076.000000000002,wait,1,2017-07-26 01:27:56.000,2017-08-29 10:01:50.972091
a2_6,328054,AL,16076.000000000002,start,1,2017-07-26 01:27:56.000,2017-08-29 10:01:50.972091
a2_6,328054,AL,16076.000000000002,end,1,2017-07-26 01:27:56.000,2017-08-29 10:01:50.972091
truck,327982,AL,16092.000000000002,wait,1,2017-07-26 01:28:12.000,2017-08-29 10:01:50.972091
a2_9,327982,AL,16092.000000000002,start,1,2017-07-26 01:28:12.000,2017-08-29 10:01:50.972091
a2_9,327982,AL,16092.000000000002,end,1,2017-07-26 01:28:12.000,2017-08-29 10:01:50.972091
truck,327684,AA,16102.000000000002,wait,1,2017-07-26 01:28:22.000,2017-08-29 10:01:50.972091
a1_1,327684,AA,16102.000000000002,start,1,2017-07-26 01:28:22.000,2017-08-29 10:01:50.972091
a1_1,327684,AA,16102.000000000002,end,1,2017-07-26 01:28:22.000,2017-08-29 10:01:50.972091
truck,328117,AL,16111.000000000002,wait,1,2017-07-26 01:28:31.000,2017-08-29 10:01:50.972091
a2_11,328117,AL,16111.000000000002,start,1,2017-07-26 01:28:31.000,2017-08-29 10:01:50.972091
a2_11,328117,AL,16111.000000000002,end,1,2017-07-26 01:28:31.000,2017-08-29 10:01:50.972091
truck,328125,AL,16118.000000000002,wait,1,2017-07-26 01:28:38.000,2017-08-29 10:01:50.972091
a2_12,328125,AL,16118.000000000002,start,1,2017-07-26 01:28:38.000,2017-08-29 10:01:50.972091
a2_12,328125,AL,16118.000000000002,end,1,2017-07-26 01:28:38.000,2017-08-29 10:01:50.972091
truck,327939,AA,16284.000000000002,wait,1,2017-07-26 01:31:24.000,2017-08-29 10:01:50.972091
a2_3,327939,AA,16284.000000000002,start,1,2017-07-26 01:31:24.000,2017-08-29 10:01:50.972091
a2_3,327939,AA,16284.000000000002,end,1,2017-07-26 01:31:24.000,2017-08-29 10:01:50.972091
truck,327796,AL,16363.000000000002,wait,1,2017-07-26 01:32:43.000,2017-08-29 10:01:50.972091
a2_6,327796,AL,16363.000000000002,start,1,2017-07-26 01:32:43.000,2017-08-29 10:01:50.972091
a2_6,327796,AL,16363.000000000002,end,1,2017-07-26 01:32:43.000,2017-08-29 10:01:50.972091
truck,327946,AL,16563.0,wait,1,2017-07-26 01:36:03.000,2017-08-29 10:01:50.972091
a2_9,327946,AL,16563.0,start,1,2017-07-26 01:36:03.000,2017-08-29 10:01:50.972091
a2_9,327946,AL,16563.0,end,1,2017-07-26 01:36:03.000,2017-08-29 10:01:50.972091
truck,338344311518,LA,16548.0,wait,9,2017-07-26 01:35:48.000,2017-08-29 10:01:50.972091
r4_1,338344311518,LA,16548.0,start,9,2017-07-26 01:35:48.000,2017-08-29 10:01:50.972091
r4_1,338344311518,LA,16563.650000000005,end,9,2017-07-26 01:36:03.650,2017-08-29 10:01:50.972091
truck,327685,AA,16591.0,wait,1,2017-07-26 01:36:31.000,2017-08-29 10:01:50.972091
a1_1,327685,AA,16591.0,start,1,2017-07-26 01:36:31.000,2017-08-29 10:01:50.972091
a1_1,327685,AA,16591.0,end,1,2017-07-26 01:36:31.000,2017-08-29 10:01:50.972091
truck,327686,AA,16598.0,wait,1,2017-07-26 01:36:38.000,2017-08-29 10:01:50.972091
a2_11,327686,AA,16598.0,start,1,2017-07-26 01:36:38.000,2017-08-29 10:01:50.972091
a2_11,327686,AA,16598.0,end,1,2017-07-26 01:36:38.000,2017-08-29 10:01:50.972091
truck,338332778797,LA,16680.0,wait,7,2017-07-26 01:38:00.000,2017-08-29 10:01:50.972091
r3_1,338332778797,LA,16680.0,start,7,2017-07-26 01:38:00.000,2017-08-29 10:01:50.972091
r3_1,338332778797,LA,16692.520000000004,end,7,2017-07-26 01:38:12.520,2017-08-29 10:01:50.972091
truck,327947,AL,16696.0,wait,1,2017-07-26 01:38:16.000,2017-08-29 10:01:50.972091
a2_12,327947,AL,16696.0,start,1,2017-07-26 01:38:16.000,2017-08-29 10:01:50.972091
a2_12,327947,AL,16696.0,end,1,2017-07-26 01:38:16.000,2017-08-29 10:01:50.972091
truck,327835,AA,16775.0,wait,1,2017-07-26 01:39:35.000,2017-08-29 10:01:50.972091
a2_3,327835,AA,16775.0,start,1,2017-07-26 01:39:35.000,2017-08-29 10:01:50.972091
a2_3,327835,AA,16775.0,end,1,2017-07-26 01:39:35.000,2017-08-29 10:01:50.972091
truck,327780,AL,16791.0,wait,1,2017-07-26 01:39:51.000,2017-08-29 10:01:50.972091
a2_6,327780,AL,16791.0,start,1,2017-07-26 01:39:51.000,2017-08-29 10:01:50.972091
a2_6,327780,AL,16791.0,end,1,2017-07-26 01:39:51.000,2017-08-29 10:01:50.972091
truck,338332778512,LA,17057.0,wait,15,2017-07-26 01:44:17.000,2017-08-29 10:01:50.972091
r5_1,338332778512,LA,17057.0,start,15,2017-07-26 01:44:17.000,2017-08-29 10:01:50.972091
r5_1,338332778512,LA,17082.040000000008,end,15,2017-07-26 01:44:42.040,2017-08-29 10:01:50.972091
truck,327801,AA,17129.0,wait,1,2017-07-26 01:45:29.000,2017-08-29 10:01:50.972091
a2_9,327801,AA,17129.0,start,1,2017-07-26 01:45:29.000,2017-08-29 10:01:50.972091
a2_9,327801,AA,17129.0,end,1,2017-07-26 01:45:29.000,2017-08-29 10:01:50.972091
truck,328017,AL,17144.0,wait,1,2017-07-26 01:45:44.000,2017-08-29 10:01:50.972091
a1_1,328017,AL,17144.0,start,1,2017-07-26 01:45:44.000,2017-08-29 10:01:50.972091
a1_1,328017,AL,17144.0,end,1,2017-07-26 01:45:44.000,2017-08-29 10:01:50.972091
truck,339219275316,LL,17189.0,wait,3,2017-07-26 01:46:29.000,2017-08-29 10:01:50.972091
r1_2,339219275316,LL,17189.0,start,3,2017-07-26 01:46:29.000,2017-08-29 10:01:50.972091
r1_2,339219275316,LL,17196.36,end,3,2017-07-26 01:46:36.360,2017-08-29 10:01:50.972091
truck,328074,AL,17236.0,wait,1,2017-07-26 01:47:16.000,2017-08-29 10:01:50.972091
a2_11,328074,AL,17236.0,start,1,2017-07-26 01:47:16.000,2017-08-29 10:01:50.972091
a2_11,328074,AL,17236.0,end,1,2017-07-26 01:47:16.000,2017-08-29 10:01:50.972091
truck,338861502047,LL,17343.0,wait,2,2017-07-26 01:49:03.000,2017-08-29 10:01:50.972091
r4_1,338861502047,LL,17343.0,start,2,2017-07-26 01:49:03.000,2017-08-29 10:01:50.972091
r4_1,338861502047,LL,17346.13,end,2,2017-07-26 01:49:06.130,2017-08-29 10:01:50.972091
truck,328073,AL,17451.0,wait,1,2017-07-26 01:50:51.000,2017-08-29 10:01:50.972091
a2_12,328073,AL,17451.0,start,1,2017-07-26 01:50:51.000,2017-08-29 10:01:50.972091
a2_12,328073,AL,17451.0,end,1,2017-07-26 01:50:51.000,2017-08-29 10:01:50.972091
truck,328859,AL,17487.0,wait,1,2017-07-26 01:51:27.000,2017-08-29 10:01:50.972091
a2_3,328859,AL,17487.0,start,1,2017-07-26 01:51:27.000,2017-08-29 10:01:50.972091
a2_3,328859,AL,17487.0,end,1,2017-07-26 01:51:27.000,2017-08-29 10:01:50.972091
truck,338509132722,LL,17480.0,wait,6,2017-07-26 01:51:20.000,2017-08-29 10:01:50.972091
r3_1,338509132722,LL,17480.0,start,6,2017-07-26 01:51:20.000,2017-08-29 10:01:50.972091
r3_1,338509132722,LL,17489.390000000003,end,6,2017-07-26 01:51:29.390,2017-08-29 10:01:50.972091
truck,327775,AL,17525.0,wait,1,2017-07-26 01:52:05.000,2017-08-29 10:01:50.972091
a2_6,327775,AL,17525.0,start,1,2017-07-26 01:52:05.000,2017-08-29 10:01:50.972091
a2_6,327775,AL,17525.0,end,1,2017-07-26 01:52:05.000,2017-08-29 10:01:50.972091
truck,328105,AA,17604.0,wait,1,2017-07-26 01:53:24.000,2017-08-29 10:01:50.972091
a2_9,328105,AA,17604.0,start,1,2017-07-26 01:53:24.000,2017-08-29 10:01:50.972091
a2_9,328105,AA,17604.0,end,1,2017-07-26 01:53:24.000,2017-08-29 10:01:50.972091
truck,327794,AL,17682.0,wait,1,2017-07-26 01:54:42.000,2017-08-29 10:01:50.972091
a1_1,327794,AL,17682.0,start,1,2017-07-26 01:54:42.000,2017-08-29 10:01:50.972091
a1_1,327794,AL,17682.0,end,1,2017-07-26 01:54:42.000,2017-08-29 10:01:50.972091
truck,328075,AA,17700.0,wait,1,2017-07-26 01:55:00.000,2017-08-29 10:01:50.972091
a2_11,328075,AA,17700.0,start,1,2017-07-26 01:55:00.000,2017-08-29 10:01:50.972091
a2_11,328075,AA,17700.0,end,1,2017-07-26 01:55:00.000,2017-08-29 10:01:50.972091
truck,327793,AL,17705.0,wait,1,2017-07-26 01:55:05.000,2017-08-29 10:01:50.972091
a2_12,327793,AL,17705.0,start,1,2017-07-26 01:55:05.000,2017-08-29 10:01:50.972091
a2_12,327793,AL,17705.0,end,1,2017-07-26 01:55:05.000,2017-08-29 10:01:50.972091
truck,338596874756,LA,17597.0,wait,87,2017-07-26 01:53:17.000,2017-08-29 10:01:50.972091
r5_1,338596874756,LA,17597.0,start,87,2017-07-26 01:53:17.000,2017-08-29 10:01:50.972091
r5_1,338596874756,LA,17734.720000000045,end,87,2017-07-26 01:55:34.720,2017-08-29 10:01:50.972091
truck,338196620822,LL,17733.0,wait,1,2017-07-26 01:55:33.000,2017-08-29 10:01:50.972091
r1_2,338196620822,LL,17733.0,start,1,2017-07-26 01:55:33.000,2017-08-29 10:01:50.972091
r1_2,338196620822,LL,17736.68,end,1,2017-07-26 01:55:36.680,2017-08-29 10:01:50.972091
truck,327703,AL,17752.0,wait,1,2017-07-26 01:55:52.000,2017-08-29 10:01:50.972091
a2_3,327703,AL,17752.0,start,1,2017-07-26 01:55:52.000,2017-08-29 10:01:50.972091
a2_3,327703,AL,17752.0,end,1,2017-07-26 01:55:52.000,2017-08-29 10:01:50.972091
truck,327814,AL,17752.0,wait,1,2017-07-26 01:55:52.000,2017-08-29 10:01:50.972091
a2_6,327814,AL,17752.0,start,1,2017-07-26 01:55:52.000,2017-08-29 10:01:50.972091
a2_6,327814,AL,17752.0,end,1,2017-07-26 01:55:52.000,2017-08-29 10:01:50.972091
truck,328255,AA,17782.0,wait,1,2017-07-26 01:56:22.000,2017-08-29 10:01:50.972091
a2_9,328255,AA,17782.0,start,1,2017-07-26 01:56:22.000,2017-08-29 10:01:50.972091
a2_9,328255,AA,17782.0,end,1,2017-07-26 01:56:22.000,2017-08-29 10:01:50.972091
truck,327687,AL,17785.0,wait,1,2017-07-26 01:56:25.000,2017-08-29 10:01:50.972091
a1_1,327687,AL,17785.0,start,1,2017-07-26 01:56:25.000,2017-08-29 10:01:50.972091
a1_1,327687,AL,17785.0,end,1,2017-07-26 01:56:25.000,2017-08-29 10:01:50.972091
truck,327752,AA,17870.0,wait,1,2017-07-26 01:57:50.000,2017-08-29 10:01:50.972091
a2_11,327752,AA,17870.0,start,1,2017-07-26 01:57:50.000,2017-08-29 10:01:50.972091
a2_11,327752,AA,17870.0,end,1,2017-07-26 01:57:50.000,2017-08-29 10:01:50.972091
truck,328283,AL,17876.0,wait,1,2017-07-26 01:57:56.000,2017-08-29 10:01:50.972091
a2_12,328283,AL,17876.0,start,1,2017-07-26 01:57:56.000,2017-08-29 10:01:50.972091
a2_12,328283,AL,17876.0,end,1,2017-07-26 01:57:56.000,2017-08-29 10:01:50.972091
truck,338707788186,LA,17871.0,wait,6,2017-07-26 01:57:51.000,2017-08-29 10:01:50.972091
r4_1,338707788186,LA,17871.0,start,6,2017-07-26 01:57:51.000,2017-08-29 10:01:50.972091
r4_1,338707788186,LA,17880.390000000003,end,6,2017-07-26 01:58:00.390,2017-08-29 10:01:50.972091
truck,328269,AL,17937.0,wait,1,2017-07-26 01:58:57.000,2017-08-29 10:01:50.972091
a2_3,328269,AL,17937.0,start,1,2017-07-26 01:58:57.000,2017-08-29 10:01:50.972091
a2_3,328269,AL,17937.0,end,1,2017-07-26 01:58:57.000,2017-08-29 10:01:50.972091
truck,327749,AA,17938.0,wait,1,2017-07-26 01:58:58.000,2017-08-29 10:01:50.972091
a2_6,327749,AA,17938.0,start,1,2017-07-26 01:58:58.000,2017-08-29 10:01:50.972091
a2_6,327749,AA,17938.0,end,1,2017-07-26 01:58:58.000,2017-08-29 10:01:50.972091
truck,327688,AL,17940.0,wait,1,2017-07-26 01:59:00.000,2017-08-29 10:01:50.972091
a2_9,327688,AL,17940.0,start,1,2017-07-26 01:59:00.000,2017-08-29 10:01:50.972091
a2_9,327688,AL,17940.0,end,1,2017-07-26 01:59:00.000,2017-08-29 10:01:50.972091
truck,594399,AL,17940.0,wait,1,2017-07-26 01:59:00.000,2017-08-29 10:01:50.972091
a1_1,594399,AL,17940.0,start,1,2017-07-26 01:59:00.000,2017-08-29 10:01:50.972091
a1_1,594399,AL,17940.0,end,1,2017-07-26 01:59:00.000,2017-08-29 10:01:50.972091
truck,327761,AL,17941.0,wait,1,2017-07-26 01:59:01.000,2017-08-29 10:01:50.972091
a2_11,327761,AL,17941.0,start,1,2017-07-26 01:59:01.000,2017-08-29 10:01:50.972091
a2_11,327761,AL,17941.0,end,1,2017-07-26 01:59:01.000,2017-08-29 10:01:50.972091
truck,328065,AL,17976.0,wait,1,2017-07-26 01:59:36.000,2017-08-29 10:01:50.972091
a2_12,328065,AL,17976.0,start,1,2017-07-26 01:59:36.000,2017-08-29 10:01:50.972091
a2_12,328065,AL,17976.0,end,1,2017-07-26 01:59:36.000,2017-08-29 10:01:50.972091
truck,594403,AL,17976.0,wait,1,2017-07-26 01:59:36.000,2017-08-29 10:01:50.972091
a2_3,594403,AL,17976.0,start,1,2017-07-26 01:59:36.000,2017-08-29 10:01:50.972091
a2_3,594403,AL,17976.0,end,1,2017-07-26 01:59:36.000,2017-08-29 10:01:50.972091
truck,328024,AL,17995.0,wait,1,2017-07-26 01:59:55.000,2017-08-29 10:01:50.972091
a2_6,328024,AL,17995.0,start,1,2017-07-26 01:59:55.000,2017-08-29 10:01:50.972091
a2_6,328024,AL,17995.0,end,1,2017-07-26 01:59:55.000,2017-08-29 10:01:50.972091
